;UBS;ENDEREÇO;REGIONAL DE SAÚDE;coordinates;google maps name
0;UBS 1 ASA SUL;UBS 1 ASA SUL (CSB08), SGAS QUADRA 612 LOTES S/N, ASA SUL, Brasília-DF, 70200-720;Região Central;(-15.8326601, -47.909503);Unidade Básica de Saúde 1 Asa Sul
1;UBS 1 CRUZEIRO;UBS 1 CRUZEIRO (CSB09), Shces Quadra, 611 - Cruzeiro Novo, Brasília - DF, 70070-710;Região Central;(-15.800795, -47.942134);UBS 01 Cruzeiro Novo (GSAP)
2;UBS 1 LAGO NORTE;UBS 1 LAGO NORTE (CSB10), SHIN QI 3 03, LAGO NORTE, Brasília-DF, 71505-600;Região Central;(-15.7257082, -47.8739439);Vacinação COVID-19 - UBS 1 Lago Norte (Centro de Saúde n°10)
3;UBS 1 ASA NORTE;UBS 1 ASA NORTE (CSB11), SGAN 905, ASA NORTE, Brasília-DF, 70790-054;Região Central;(-15.7732459, -47.89242780000001);SAP 01 da Asa Norte
4;UBS 2 ASA NORTE;UBS 2 ASA NORTE (CSB13), Eqn 208 408, 208 - Asa Norte, Brasília - DF, 70853-450;Região Central;(-15.7616704, -47.8805846);CEDOH
5;UBS 3 ASA NORTE;UBS 3 ASA NORTE, Rua Piau Acampamento Pacheco Fernandes, Área Especial, Vila Planalto, 2, Brasília - DF, 70804-190;Região Central;(-15.7951717, -47.8481369);Unidade Básica de Saúde (UBS) 3 - Asa Norte - Vila Planalto
6;UBS 5 ASA NORTE;UBS 5 ASA NORTE, Vila Weslian Roriz , Área Especial, 1, Granja do Torto, Lago Norte, Brasília - DF, 70636-003;Região Central;(-15.705292, -47.9059388);Residência Oficial da Granja do Torto
7;UBS 2 CRUZEIRO;UBS 2 CRUZEIRO (CSB14), Shce Setor Escolar Lote, 4 - Cruzeiro Velho, Brasília - DF, 70070-710;Região Central;(-15.7835664, -47.9359858);Unidade Básica de Saúde (UBS) 2 Cruzeiro
8;UBS 1 VARJÃO;UBS 1 VARJÃO (CSB16), VILA VARJAO QUADRA 5 05, VILA VARJAO DO TORTO, Brasília-DF, 71555-133;Região Central;(-15.7109084, -47.876274);Unidade Básica de Saúde n° 1 Varjão
9;UBS 1 CANDANGOLÂNDIA;UBS 1 CANDANGOLÂNDIA (CSCAN01) EQ 5 7 AREA ESPECIAL - CANDANGOLANDIA 01, CANDANGOLANDIA, Brasília-DF, 71725- 400;Região Centro - Sul;(-15.8498126, -47.9513927);UBS 01 - Candangolândia
10;UBS 1 ESTRUTURAL;UBS 1 - ESTRUTURA, AREA ESPECIAL 02 AVENIDA CENTRAL CENTRO DE SAUDE 02, ESTRUTURAL, Brasília-DF, 71020-010;Região Centro - Sul;(-15.7836414, -47.9972336);UBS 1 da Estrutural
11;UBS 1 GUARÁ;UBS 1 GUARÁ (CSGU01), QI 06 AREA ESPECIAL LT A 1, GUARA I, Brasília-DF, 71010-634;Região Centro - Sul;(-15.818235, -47.986366);Vacinação COVID-19 - UBS 1 Guará
12;UBS 1 NÚCLEO BANDEIRANTE;UBS 1 NÚCLEO BANDEIRANTE (CSNB02), 3 AVENIDA AREA ESPECIAL N 3 3, NUCLEO BANDEIRANTE, Brasília-DF, 71720-585;Região Centro - Sul;(-15.8701908, -47.9656896);Centro de Saúde n°1 - Núcleo Bandeirante
13;UBS 1 RIACHO FUNDO I;UBS 1 RIACHO FUNDO I (CSRF03), QN 07 AREA ESPECIAL 09 RIACHO FUNDO I 9, RIACHO FUNDO, Brasília-DF, 71805-811;Região Centro - Sul;(-15.8851351, -48.02385);Unidade Básica de Saúde - Riacho Fundo
14;UBS 1 RIACHO FUNDO II;UBS 1 RIACHO FUNDO II (CSRF04), QC 06 CJ 16 LOTE 01 AREA ESPECIAL 1 01, RIACHO FUNDO II, Braília-DF, 71882-266;Região Centro - Sul;(-15.9230767, -48.0438802);UBS 01 RIACHO FUNDO II
15;UBS 2 GUARÁ;UBS 2 GUARÁ, QE 23, lote C-AE S/N Guará II, Brasília -DF, 71025-000;Região Centro - Sul;(-15.832910, -47.973430);Centro de Saúde n° 2 - Guará
16;UBS 3 GUARÁ;UBS 3 GUARÁ, QE 38 Área Especial-Guará II, Brasília - DF, 71070-380;Região Centro - Sul;(-15.8495023, -47.9703728);Centro de Saúde n°3 - Guará II
17;UBS 4 GUARÁ;UBS 4 - GUARÁ, QELC - EQ 2 /3 - Conjunto b, Lúcio Costa, Brasília - DF, 71100-050;Região Centro - Sul;(-15.8101895, -47.98868299999999);Posto de Saúde Lúcio Costa
18;UBS 1 SÃO SEBASTIÃO;UBS 1 SÃO SEBASTIÃO (CSSS01), CENTRO DE MULTIPLAS ATIVIDADES CONJ 10, CENTRO, Brasília-DF, 71691-047;Região Leste;(-15.9025315, -47.7728248);Centro de Saúde 01 de São Sebastião
19;UBS 2 SÃO SEBASTIÃO;UBS 2 SÃO SEBASTIÃO, DF 140 KM 7,5 - AO LADO DA EMATER - SSB, Brasília - DF, 71691101;Região Leste;(-15.901639708740158, -47.77495960921117);Vacinação COVID-19 - UBS 2 São Sebastião
20;UBS 3 SÃO SEBASTIÃO;UBS 3 SÃO SEBASTIÃO, VILA OLÍMPICA (MORRO AZUL) DE SÃO SEBASTIÃO, Brasília - DF, 71692725;Região Leste;(-15.891668, -47.781867);Centro Olimpico, São Sebastião -DF
21;UBS 5 SÃO SEBASTIÃO;UBS 5 SÃO SEBASTIÃO, QD 301 CONJ 6 LOTE 1 - SÃO SEBASTIÃO, Brasília -DF, 71691047;Região Leste;(-15.907729, -47.777677);Unidade Básica de Saúde Nº 5 São Sebastião
22;UBS 6 SÃO SEBASTIÃO;UBS 6 SÃO SEBASTIÃO, CONJUNTO 5 CASA 1 SÃO FRANCISCO - SÃO SEBASTIÃO, Brasília -DF, 71691047;Região Leste;(-15.902996320739415, -47.76647957967659);CEP 71691-048
23;UBS 7 SÃO SEBASTIÃO;UBS 7 SÃO SEBASTIÃO, RUA 26 CONJ B CASA 17 - BOSQUE - SÃO SEBASTIÃO, Brasília -DF, 71693500;Região Leste;(-15.9119111, -47.7511731);R. 26 Conjunto B - São Sebastião
24;UBS 8 SÃO SEBASTIÃO;UBS 8 SÃO SEBASTIÃO, RUA 7 CASA 400 VILA DO BOA - SSB, Brasília - DF, 71691047;Região Leste;(-15.971326633031829, -47.70871189043045);UBS 8 São Sebastião - Cavas de Baixo
25;UBS 9 SÃO SEBASTIÃO;UBS 9 - SÃO SEBASTIÃO, Rua 06, casa 70, Setor tradicional, São Sebastião, Brasília - Df, 71691106;Região Leste;(-15.889811926986688, -47.777815685604956);UBS n°9 Postinho de Saúde
26;UBS 10 SÃO SEBASTIÃO;UBS 10 SÃO SEBASTIÃO, RUA 14 LOTE 21 LOJA 1, 2, 3 JOÃO CANDIDO - SSB, Brasília - DF, 71693214;Região Leste;(-15.8980625, -47.7613316);Ubs João Candido
27;UBS 11 SÃO SEBASTIÃO;UBS 11 SÃO SEBASTIÃO, CHÁCARA 10 - MORRO DA CRUZ - SSB, Brasília - DF, 71694045;Região Leste;(-15.912056721225204, -47.751491883827256);São Sebastião - UBS 11 (Gsap 04)
28;UBS 12 SÃO SEBASTIÃO;UBS 12 SÃO SEBASTIÃO, QD 31 CASA 6 SÃO JOSÉ - SÃO SEBASTIÃO,Brasília - Df, 71693032;Região Leste;(-15.909772179389712, -47.764931023580715);Posto de Saúde São José
29;UBS 14 SÃO SEBASTIÃO;UBS 14 SÃO SEBASTIÃO, COMPLEXO PRISIONAL DA PAPUDA, Brasília -DF, 71691047;Região Leste;(-15.904322930932981, -47.806965178466776);Papuda
30;UBS 15 SÃO SEBASTIÃO;UBS 15 SÃO SEBASTIÃO, COMPLEXO PRISIONAL DA PAPUDA, Brasília -DF, 71691047;Região Leste;(-15.904322930932981, -47.806965178466776);Papuda
31;UBS 16 SÃO SEBASTIÃO;UBS 16 SÃO SEBASTIÃO, COMPLEXO PRISIONAL DA PAPUDA, Brasília -DF, 71691047;Região Leste;(-15.904322930932981, -47.806965178466776);Papuda
32;UBS 17 SÃO SEBASTIÃO;UBS 17 SÃO SEBASTIÃO, COMPLEXO PRISIONAL DA PAPUDA, Brasília -DF, 71691047;Região Leste;(-15.904322930932981, -47.806965178466776);Papuda
33;UBS 19 SÃO SEBASTIÃO;UBS 19 SÃO SEBASTIÃO, RUA 07 CASA, São Sebastião, Brasília- DF, 71691047;Região Leste;(-15.876592259376398, -47.79304596716861);UBS 19 VILA DO BOA
34;UBS 1 PARANOÁ;UBS 1 PARANOÁ (CSPA01), QD 21 AREA ESPECIAL CONJUNTO 15 15, PARANOA, Brasília-DF, 71570-210;Região Leste;(-15.7696894, -47.7800325);Unidade Básica de Saúde 01 do Paranoá
35;UBS 3 PARANOÁ;UBS 3 - PARANOÁ, Colonia Agricola Br 251 Km 07, 250 - Paranoa, Brasília - DF, 71590-000;Região Leste;(-15.779780064221054, -47.78139767733338);Unidade de Saude 03 Paranoa
36;UBS 4 PARANOÁ;UBS 4 PARANOÁ, DF 285 KM 23 AE NR JARDIM II - PARANOÁ, Brasília - DF, 71571800;Região Leste;(-15.769260289625965, -47.777761068151854);71571-800
37;UBS 5 PARANOÁ;UBS 5 PARANOÁ, DF 125 BR 251 CAPÃO SECO - PARANOÁ, Brasília -DF, 71590000;Região Leste;(-15.994678774612067, -47.56293406373924);DF-125 & BR-251
38;UBS 6 PARANOÁ;UBS 6 PARANOÁ, COL AGRIC CARIRU AE - PARANOÁ, Brasília - DF, 71590000;Região Leste;(-15.9069677, -47.5176234);Posto de Saúde do Cariru - PSF
39;UBS 7 PARANOÁ;UBS 7 PARANOÁ, DF 270 KM 02 CAFÉ SEM TROCO - PARANOÁ, Brasília - DF, 71590000;Região Leste;(-15.9362315, -47.5802016);UBS Café Sem Troco
40;UBS 8 PARANOÁ;UBS 8 PARANOÁ, COLONIA AGRICOLA BR 251 KM 07, Brasília - DF, 71590000;Região Leste;(-16.007703101561418, -47.55573620046769);Posto de Saúde do PAD-DF - PSF
41;UBS 1 ITAPOÃ;UBS 1 ITAPOÃ, QUADRA 378 AREA ESPECIAL 1, ITAPOA, Brasília-DF, 71593-600;Região Leste;(-15.739991185051137, -47.76331411556871);Unidade Básica de Saúde nº01 Itapoã
42;UBS 1 FERCAL;UBS 1 FERCAL, DF 150 KM 12 QUADRA 10 CASA, Engenho Velho, 14, Fercal, Brasília - DF, 73150030;Região Norte;(-15.599348315843852, -47.87163734529574);Posto de Saúde Engenho Velho
43;UBS 2 FERCAL;UBS 2 FERCAL, ROD DF 205 OESTE KM 13 Núcleo Rural Catingueiro 13, Fercal, Brasília - DF, 73017017;Região Norte;(-15.560205901925737, -47.93521642872506);UBS Catingueiro
44;UBS 3 FERCAL;UBS 3 FERCAL, SITIO PATRICIA DF 326 KM 8 NUCLEO RURAL LOBEIRAL, Fercal, Brasília - DF, 73017017;Região Norte;(-15.587921804857563, -47.844524602078025);UBS 03 Fercal
45;UBS 1 FEIRA SOBRADINHO;UBS 1 SOBRADINHO (CSS01), QD 14 AREA ESPECIAL 22 23 01, SOBRADINHO, Brasília-DF, 73050-140;Região Norte;(-15.65056321757525, -47.78208978479972);Unidade Básica de Saúde (UBS) 1 Sobradinho
46;UBS 2 SOBRADINHO;UBS 2 SOBRADINHO (CSS02), Quadra 3 - s/n Cjd/e Ltsn - Sobradinho, DF, 73030-038;Região Norte;(-15.6545919, -47.80956459999999);Unidade Básica de Saúde (UBS) 2 Sobradinho
47;UBS 3 SOBRADINHO;UBS 3 - SOBRADINHO I, Ae Novo Setor de Mansoes Nova Colina - Sobradinho, Brasília - DF, 73017-017;Região Norte;(-15.6480181, -47.7552616);Unidade Básica de Saúde 3 Nova Colina de Sobradinho
48;UBS 4 SOBRADINHO;UBS 4 SOBRADINHO, DF 440 Condomínio Residencial Serra Verde, KM 12, Sala anexa à Paroquia, Sobradinho, Brasília - DF, 73031615;Região Norte;(-15.702422406718913, -47.75878550022609);UBS - 4 Rota do Cavalo
49;UBS 5 SOBRADINHO;UBS 5 SOBRADINHO, Área Especial 01, Lote 01, Associação de Moradores, Vila BASEVI, Sobradinho, Brasília- DF, 73100000;Região Norte;(-15.645804294471166, -47.88911994440578);Associação Comunitária dos Moradores da Vila Basevi
50;UBS 6 SOBRADINHO;UBS 6 SOBRADINHO, DF 001 KM 120 Rua 08 Chácara 187 Lago Oeste, Sobradinho, Brasília - DF, 73100000;Região Norte;(-15.619732, -47.948657);EPCT, Brasília - DF, 73250-000, Brasil
51;UBS 1 SOBRADINHO II;UBS 1 SOBRADINHO II (CSS03), AR 13 AREA ESPECIAL CONJUNTO 7 LOTE 1, SOBRADINHO II, Brasília-DF, 73062-712;Região Norte;(-15.6441175869918, -47.82423290207744);UBS 1 - Sobradinho II - UNIDADE BÁSICA DE SAÚDE 01 SOBRADINHO 2
52;UBS 2 SOBRADINHO II;UBS 2 SOBRADINHO II (CLÍNICA DA FAMÍLIA 02), Rodovia Df 420 Setor de Mansoes, 1 - Sobradinho II, Brasília - DF, 73080-050;Região Norte;(-15.638252028101196, -47.82040091573769);Clínica da Família 2
53;UBS 3 SOBRADINHO II;UBS 3 SOBRADINHO II, Condomínio Vale dos Pinheiros, Quadra 45 A, Conjunto A, Lote 56, Sobradinho II, Brasília - DF, 73088300;Região Norte;(-15.620209453887272, -47.82241456447968);Sh Mansões Sobradinho/Condomínio Vale dos Pinheiros - Sobradinho
54;UBS 4 SOBRADINHO II;UBS 4 SOBRADINHO II, Condomínio Mini-Chácaras, QMS 30 Área Especial 01, Sobradinho II, Brasília - DF, 73081180;Região Norte;(-15.6350787, -47.8376313);Unidade Básica de Saúde (UBS) 4 Sobradinho II
55;UBS 5 SOBRADINHO II;UBS 5 SOBRADINHO II, Condomínio Mini-Chácaras, QMS 16 Rua 14 Casa 01, Sobradinho II, Brasília - DF, 73017017;Região Norte;(-15.6281309, -47.8387342);Unidade Básica de Saúde (UBS) 5 Sobradinho II
56;UBS 6 SOBRADINHO II;UBS 6 SOBRADINHO II, Condomínio Vale das Acácias, Quadra 12, Lote 01, Sobradinho II, Brasília - DF, 73070056;Região Norte;(-15.62276462920512, -47.83647467234793);Unidade Básica de Saúde (UBS) 6 Sobradinho II
57;UBS 1 PLANALTINA;UBS 1 PLANALTINA (CSPL01), QUADRA 18 CONJUNTO H AREA ESPECIAL 01, PLANALTINA, Brasília-DF, 73320-020;Região Norte;(-15.617668890757477, -47.64113718646678);Unidade Básica de Saúde (UBS) 1 Planaltina
58;UBS 2 PLANALTINA;UBS 2 - PLANALTINA, Entre Quadras 1 10 ÁREA Especial, S/N - Planaltina, Brasília - DF, 73340-100;Região Norte;(-15.6123458, -47.643206);Unidade Básica de Saúde (UBS) 2 Planaltina
59;UBS 3 PLANALTINA;UBS 3 PLANALTINA (CSPL03), Rua Alexandre Salgado Quadra 20 Lote, 7 - Setor Tradicional, Brasília - DF, 73330-066;Região Norte;(-15.621163904848064, -47.65795547994995);Centro de Saúde 3 Planaltina-FHDF
60;UBS 4 PLANALTINA;UBS 4 PLANALTINA (CSPL04 - MESTRE D'ARMAS), Estancia Nova Planaltina Qd 02 Rua A ÁREA Especial, 0 - Estancia, Brasília - DF, 73380-100;Região Norte;(-15.6198199, -47.6803603);UBS 04 Planaltina DF
61;UBS 5 PLANALTINA;UBS 5 PLANALTINA (CSPL05), Quadra 12 D Conj A ÁREA Especial, 0 - Planaltina, Brasília - DF, 73370-100;Região Norte;(-15.63917067533829, -47.64712808428637);Vacinação COVID-19 - UBS 5 de Planaltina
62;UBS 7 PLANALTINA;UBS 7 Planaltina Entrequadras 03/04 Área Especial 002, Jardim Roriz, Planaltina, Brasília - DF, 73340300;Região Norte;(-15.602808766380075, -47.64829650617894);Unidade Básica de Saúde (UBS) 7 Planaltina - Jardim Roriz
63;UBS 8 PLANALTINA;UBS 8 PLANALTINA, CR 71 Casa 177 Vale do Amanhecer, Planaltina, Brasília - DF, 73370054;Região Norte;(-15.6712004, -47.6453394);UBS 8 Vale do Amanhecer Planaltina
64;UBS 9 PLANALTINA;UBS 9 PLANALTINA, Núcleo Rural de Santos Dumont DF 130 KM 25, Planaltina, Brasília - DF, 73310000;Região Norte;(-15.6792755, -47.6483248);Unidade Básica de Saúde (UBS) 9 Planaltina - Núcleo Rural Santos Dumont
65;UBS 10 PLANALTINA;UBS 10 PLANALTINA, Núcleo Rural Taquara, quadra 01, , Planaltina, Brasília -DF, 73499899;Região Norte;(-15.6335752, -47.5216135);UBS 10 TAQUARA PLANALTINA
66;UBS 11 PLANALTINA;UBS 11 PLANALTINA, Núcleo Rural Rajadinha II, Rua 02, Lote 16/17, Chácara Riacho Doce, Planaltina, Brasília- DF, 73307990;Região Norte;(-15.747095570563191, -47.6626034442957);UBS Rajadinha
67;UBS 12 PLANALTINA;UBS 12 PLANALTINA, DF 128 Condomínio Samaúma Conjunto A Lote 13, Bica do DER, Planaltina, Brasília- DF, 73310000;Região Norte;(-15.6327977, -47.67400910000001);Unidade Básica de Saúde n° 12 - BICA do DER
68;UBS 13 PLANALTINA;UBS 13 PLANALTINA, Núcleo Rural São José Área Especial, Planaltina, Brasília - DF, 73307993;Região Norte;(-15.440970431902686, -47.61196628858735);UBS 13 Norte
69;UBS 14 PLANALTINA;UBS 14 PLANALTINA, Núcleo Rural Tabatinga S/N, Planaltina, Brasília - DF, 73307997;Região Norte;(-15.820572542843646, -47.56990757813499);Centro Educacional Várzeas (CEd Várzeas)
70;UBS 15 PLANALTINA;UBS 15 PLANALTINA, Núcleo Rural Rio Preto 01, Planaltina, Brasília - DF, 73307997;Região Norte;(-15.762450868426352, -47.49287733178337);Unidade Básica de Saúde (UBS) 15 Planaltina - Núcleo Rural Rio Preto
71;UBS 16 PLANALTINA;UBS 16 PLANALTINA, Núcleo Rural Pipiripau 1, Planaltina, Brasília - DF, 73307992;Região Norte;(-15.601319452651246, -47.66567976038075);Núcleo Rural Pipiripau
72;UBS 17 PLANALTINA;UBS 17 PLANALTINA, Condomínio Morumbi, Vale do Sol, Quadra N, Lote 15, BR 020, KM 4, Brasília -DF, 73307990;Região Norte;(-15.52354547725425, -47.618782773243204);UBS 17 Planaltina - Jardim Morumbi
73;UBS 18 PLANALTINA;UBS 18 PLANALTINA, Centro Olímpico de Planaltina, Planaltina, Brasília - DF, 73310100;Região Norte;(-15.614470217498733, -47.6506732188337);Centro Olímpico de Planaltina
74;UBS 19 PLANALTINA;UBS 19 PLANALTINA, Parque Sucupira de Planaltina, Brasília - DF, 73343010;Região Norte;(-15.605232191682118, -47.66010969837712);Unidade Básica de Saúde - Sucupira
75;UBS 20 PLANALTINA;UBS 20 - Planaltina, Area especial 9 a setor norte, 00, Planaltina, Brasília - DF, 73310-690;Região Norte;(-15.6123454, -47.65184860000001);Unidade Básica de Saúde (UBS) 20 Planaltina
76;UBS 2 BRAZLÂNDIA;UBS 2 BRAZLÂNDIA (CSBZ02), Vila São José Q 8 - Brazlândia, Brasília - DF, 72745-001;Região Oeste;(-15.6589014, -48.1930314);UBS 2 Brazlândia
77;UBS 1 BRAZLÂNDIA;UBS 1 BRAZLÂNDIA, EQ 6/8 SETOR NORTE ÁREA ESPECIAL, Brasília - DF, 72710065;Região Oeste;(-15.677182887854098, -48.19494565901369);Vacinação COVID-19 - UBS 1 Brazlândia
78;UBS 3 BRAZLÂNDIA;UBS 3 BRAZLÂNDIA, QUADRA 3 LOTE 6 AREA ESPECIAL Nº 02 SETOR VEREDAS, Brasília - DF, 72738990;Região Oeste;(-15.6698514, -48.2004701);UBS 3 Brazlândia - Veredas I
79;UBS 4 BRAZLÂNDIA;UBS 4 BRAZLÂNDIA, QUADRA 01 AREA ESPECIAL 1 SETOR VEREDAS II, Brasília - DF, 72725100;Região Oeste;(-15.6728185, -48.2003232);UBS 4 Brazlândia - Veredas II
80;UBS 5 BRAZLÂNDIA;UBS 5 BRAZLÂNDIA, RESERVA A DF 240 DF 008 DF 445 KM 4 VINCENAL AE 1, Brasília - DF, 72710990;Região Oeste;(-15.67417345155788, -48.15156504625558);UBS 5 Brazlândia - Chapadinha
81;UBS 6 BRAZLÂNDIA;UBS 6 BRAZLÂNDIA, FAZENDA ALMECEGAS BR 180 DF 205 KM 05 - ALMECEGAS, Brasília - DF, 72799899;Região Oeste;(-15.531297360377089, -48.170568743948245);Unidade Básica de Saúde (UBS) 6 Brazlândia
82;UBS 7 BRAZLÂNDIA;UBS 7 BRAZLÂNDIA, QUADRA 15 LOTE 02 LJ 01 AREA ESPECIAL 02 INCRA 08, Brasília - DF, 72720660;Região Oeste;(-15.741553479021835, -48.17005800739767);Incra 08
83;UBS 8 BRAZLÂNDIA;UBS 8 BRAZLÂNDIA, RADIOBRAS CHACARA ST. HELENA CAPELA RURAL OESTE, Brasília - DF, 72710990;Região Oeste;(-15.627256135229334, -48.1195358685863);UBS 8 Brazlândia - Torre de Brazlândia
84;UBS 1 CEILÂNDIA;UBS 1 CEILÂNDIA, QNN 27 ao lado do HRC - Ceilandia, Brasília - DF, 72240-540;Região Oeste;(-15.81859839618424, -48.13009307323923);UBS 01 de Ceilândia
85;UBS 2 CEILÂNDIA;UBS 2 CEILÂNDIA (CSC 02), Qnn, 15 Lote F - Ceilandia Norte, Brasília - DF, 72225-150;Região Oeste;(-15.8078351, -48.1205846);UBS 02 de Ceilândia
86;UBS 3 CEILANDIA;UBS 3 CEILANDIA (CSC03), Qnm, 15 Lote D - Ceilandia Sul, Brasília - DF, 72215-150;Região Oeste;(-15.8309646, -48.0966408);UBS 03 de Ceilândia
87;UBS 5 CEILÂNDIA;UBS 5 CEILÂNDIA (CSC 05), Qnm, 16 Lote F - Ceilandia Norte, Brasília - DF, 72210-160;Região Oeste;(-15.8031819, -48.1117556);UBS 05 de Ceilândia
88;UBS 6 CEILÂNDIA;UBS 6 CEILÂNDIA (CSC 06), EQNP 10/14 lotes E,F,G,H. - Ceilândia, Brasília - DF, 72231-505;Região Oeste;(-15.8402161, -48.1142165);Unidade Básica de Saúde (UBS) 6 Ceilândia
89;UBS 7 CEILÂNDIA;UBS 7 CEILÂNDIA (CSC 07), Qno, 10 - Setor O, Brasília - DF, 72255- 004;Região Oeste;(-15.7956911, -48.1309163);UBS 7 de Ceilândia
90;UBS 8 CEILÂNDIA;UBS 8 CEILÂNDIA (CSC 08), S p EQNP 17/13 AE - A,B,C,D Cj O - Ceilândia, Brasília - DF, 72241-305;Região Oeste;(-15.8068817, -48.1299527);Unidade Básica de Saúde (UBS) 8 Ceilândia
91;UBS 9 CEILÂNDIA;UBS 9 CEILÂNDIA (CSC 09), Eqnp, S/N - Ceilandia Sul, Brasília - DF, 72235-571;Região Oeste;(-15.8465998, -48.1235636);Unidade Básica de Saúde (UBS) 9 Ceilândia
92;UBS 10 CEILÂNDIA;UBS 10 CEILÂNDIA (CSC 10), QNN 12 AREA ESPECIAL 1 12, CEILANDIA SUL,Brasília-DF, 72220-120;Região Oeste;(-15.8245621, -48.11346899999999);UBS 10 de Ceilândia
93;UBS 11 CEILÂNDIA;UBS 11 CEILÂNDIA (CSC11), EQNO 17 18 AREA ESPECIAL S/N, EXPSANSAO SETOR O, Brasília-DF, 72255-000;Região Oeste;(-15.7983005, -48.1336503);UBS 11 de Ceilândia
94;UBS 12 CEILÂNDIA;UBS 12 CEILÂNDIA (CSC 12), EQNQ 03 04 S/N, CEILANDIA NORTE, Brasília-DF, 72270-300;Região Oeste;(-15.8046599, -48.1434216);Centro de Saúde 12 de Ceilândia
95;UBS 16 CEILÂNDIA;UBS 16 - SOL NASCENTE CEILÂNDIA, Quadra 501 Área especial 02 Trecho 01, SH Sol Nascente 128 A Conjunto H - Ceilândia, Brasília - DF, 72243-526;Região Oeste;(-15.834216634933965, -48.13354420011693);UBS 16 Sol Nascente
96;UBS 17 CEILÂNDIA;UBS - 17 PÔR DO SOL CEILÂNDIA, EQNP 16/20, Setor P Sul - Ceilândia, Brasília - DF, 72231-618;Região Oeste;(-15.845479940615007, -48.11204646021885);P 2, Eqnp 16/20, Ceilandia, Distrito Federal
97;UBS 9 BRAZLÂNDIA;UBS 9 BRAZLÂNDIA, INCRA 8 CAAG Q 15, BRAZLANDIA, Brasília-DF, 72760-120;Região Oeste;(-15.7431252, -48.1702581);Unidade Básica de Saúde (UBS) 9 Brazlândia - Incra 8
98;UBS 1 TAGUATINGA;UBS 1 TAGUATINGA (CST01), QNG AREA ESPECIAL N 18 E19 S/N, TAGUATINGA NORTE, Brasília-DF, 72155-000;Região Sudoeste;(-15.795674, -48.0594056);UBS 1 Taguatinga
99;UBS 2 TAGUATINGA;UBS 2 TAGUATINGA (CST02), Qnd 02 ÁREA Especial Praca do Bicalho, 2 - Taguatinga Norte, Brasília - DF, 72155-000;Região Sudoeste;(-15.8104981, -48.0631765);Unidade Básica de Saúde 2 Taguatinga
100;UBS 3 TAGUATINGA;UBS 3 TAGUATINGA (CST03), Eqnl 01 ÁREA Especial N 02 Via Estadio Serejinho, 1 - Taguatinga, Brasília - DF, 72155-000;Região Sudoeste;(-15.832991349307944, -48.07760165974625);Centro de Saúde 3 - Taguatinga
101;UBS 5 TAGUATINGA;UBS 5 TAGUATINGA (CST05), etor D Sul ÁREA Esp N, 23 - Taguatinga, Brasília - DF, 72155-000;Região Sudoeste;(-15.851233676131166, -48.04683554625336);UBS 5 - Taguatinga Sul
102;UBS 6 TAGUATINGA;UBS 6 - TAGUATINGA, Qsc 01 ÁREA Esp Prox Feira dos Importados, 1 - Taguatinga Centro, Brasília - DF, 72155-000;Região Sudoeste;(-15.836191078114469, -48.06291504440315);UBS 06 Taguatinga
103;UBS 7 TAGUATINGA;UBS 7 TAGUATINGA (CST07), Qnm 36 ÁREA Especial, 10 - Taguatinga Norte, Brasília - DF, 72155-000;Região Sudoeste;(-15.8011248, -48.0941947);Centro de Saúde n°7 Taguatinga
104;UBS 8 TAGUATINGA;UBS 8 TAGUATINGA (CST08), Eqnl 24 ÁREA Esp Norte, 1 - Taguatinga, Brasília - DF, 72155-000;Região Sudoeste;(-15.8210801, -48.0923058);UBS 8 Taguatinga
105;UBS 1 ÁGUAS CLARAS;UBS 1 ÁGUAS CLARAS (CF AREAL), QS 05 LOTE 24 AV AREAL 24, AGUAS CLARAS, Brasília-DF, 72130-077;Região Sudoeste;(-15.8543763, -48.03567109999999);Unidade Básica de Saúde 1 Águas Claras
106;UBS 1 VICENTE PIRES;UBS 1 VICENTE PIRES, RUA 4C CHACARA 12 COL AGRICOLA SAMAM 12, VICENTE PIRES, Brasília-DF, 72130-078;Região Sudoeste;(-15.819227708424034, -48.022172603920836);Vacinação COVID-19 - UBS 1 Vicente Pires
107;UBS 2 RECANTO DAS EMAS;UBS 2 RECANTO DAS EMAS (CSRE02), Quadra 102 ÁREA Especial 1, 1 - Recanto das Emas, Brasília - DF, 72600-200;Região Sudoeste;(-15.9020836, -48.060095);Unida Básica de Saúde nº 2 do Recanto Das Emas, DF
108;UBS 3 RECANTO DAS EMAS;UBS 3 RECANTO DAS EMAS (CFRE 01), Setor Hospitalar Qd 104 105 Lote 25, 25 - Recanto das Emas, Brasília - DF, 72600-400;Região Sudoeste;(-15.90225847882672, -48.074127457894896);Unidade Básica de Saúde nº 3 Recanto das Emas
109;UBS 4 RECANTO DAS EMAS;UBS 4 RECANTO DAS EMAS (CFRE 02), Av Recanto das Emas Quadra 308 Lote 02, 2 - Recanto das Emas, Brasília - DF, 72620-400;Região Sudoeste;(-15.919751911424061, -48.10195328673055);UBS 4 do Recanto das Emas
110;UBS 2 SAMAMBAIA;UBS 2 SAMAMBAIA (CSSAM 02), Qs 611 ÁREA Especial, 611 - Samambaia Norte, Brasília - DF, 72322-583;Região Sudoeste;(-15.8756717, -48.1099171);Centro de Saúde nº 2 Samambaia
111;UBS 3 SAMAMBAIA;UBS 3 SAMAMBAIA (CSSAM 03), Qn 429 Conjunto F Lote, 1 - Samambaia Norte, Brasília - DF, 72322-583;Região Sudoeste;(-15.8902308, -48.141967);Unidade Básica de Saúde (UBS) 3 Samambaia
112;UBS 4 SAMAMBAIA;UBS 4 SAMAMBAIA (CSSAM 04), Qn 512 Conjunto 2 Lote, 123 - Samambaia Sul, Brasília - DF, 72322-583;Região Sudoeste;(-15.8785518, -48.0689138);Unidade Básica de Saúde Nº 4 - Samambaia
113;UBS 7 SAMAMBAIA;UBS 7 SAMAMBAIA (CLÍNICA DA FAMÍLIA 04), Quadra 302 Conjunto 05 Lote 01, 1 - Samambaia Sul, Brasília - DF, 72300-639;Região Sudoeste;(-15.8779725, -48.0825129);UBS 07 Samambaia
114;UBS 12 SAMAMBAIA;UBS 12 SAMAMBAIA, QR 210 CONJUNTO 22 LOTE 01 01, SAMAMBAIA, Brasília-DF, 72316-223;Região Sudoeste;(-15.8659712, -48.07467159999999);Unidade Básica de Saúde (UBS) 12 Samambaia
115;UBS 1 GAMA;UBS 1 GAMA (CSG 01), EQ 6 12 AREAS ESPECIAIS S/N, SETOR SUL GAMA, Brasília-DF, 72415-318;Região Sul;(-16.020447725077574, -48.0848293442957);Vacinação COVID-19 - UBS 1 Gama
116;UBS 2 GAMA;UBS 2 GAMA (CSG 02), Quadra, 11 - Setor Sul, Brasília - DF, 72410- 110;Região Sul;(-16.036385284882805, -48.06114547323624);UNIDADE BÁSICA DE SAÚDE N° 2 GAMA (UBS) CENTRO DE SAÚDE
117;UBS 3 GAMA;UBS 3 GAMA (CSG 03), ÁREA Especial, 3 - Gama, Brasília - DF, 72457-994;Região Sul;(-16.005621443365005, -48.052830003922736);Vacinação COVID-19 - UBS 3 Gama
118;UBS 4 GAMA;UBS 4 GAMA (CSG 04), Praca 3 ÁREA Especial N, 2 - Gama Df, Brasília - DF, 72460-120;Região Sul;(-16.02609654326991, -48.056935859743525);UBS 4 GAMA
119;UBS 5 GAMA;UBS 5 GAMA (CSG 05), Quadra 38 ÁREA Especial Leste Sc, 38 - Gama, Brasília - DF, 72405-380;Região Sul;(-16.023314, -48.061589);Centro de Saúde Nº 5
120;UBS 6 GAMA;UBS 6 GAMA (CSG 06), Entre Quadra, S/N - Setor Oeste, Brasília - DF, 72465-390;Região Sul;(-16.0114641, -48.0740791);UBS 6 GAMA
121;UBS 8 GAMA;UBS 8 - GAMA, ÁREA Especial do Dvo Rua do Eucalipto N, 4 - Gama, Brasília - DF, 72450-150;Região Sul;(-16.04394015605, -48.043328702071975);UBS 8 - Gama
122;UBS 12 GAMA;UBS 12 - GAMA, ANTIGO POSTO DA RECEITA FEDERAL DF 290, GAMA, Brasília-DF, 72457-994;Região Sul;(-16.008894584825587, -48.15968345789364);Unidade Básica de Saúde Ponte Alta de Cima.
123;UBS 9 GAMA;UBS 9 - GAMA, Rua Libanio, 13, Engenho das Lages - Gama, Brasília - DF, 72457-996;Região Sul;(-16.0437649, -48.2546104);UBS 09 - Gama
124;UBS 1 SANTA MARIA;UBS 1 SANTA MARIA (CSSM01), QR 207 307 CONJ T LOTE 2, SANTA MARIA, Brasília-DF, 72507-520;Região Sul;(-16.0268768, -48.0264313);Centro de Saúde N° 01 de Santa Maria
125;UBS 2 SANTA MARIA;UBS 2 SANTA MARIA (CSSM02), Eq 217 317 Lote E, 1 - Santa Maria, Brasília - DF, 72547-305;Região Sul;(-16.0074635, -47.98994829999999);UBS 2 Santa Maria
126;UBS 3 SANTA MARIA;UBS 3 - SANTA MARIA, Qr 100 Conj I Lote, 1 - Santa Maria, Brasília - DF, 72500-414;Região Sul;(-16.046903804013322, -48.03679898512468);UBS 03 - Santa Maria
127;UBS 5 SANTA MARIA;UBS 5 - SANTA MARIA, Eq 212 213 Lote E, 1 - Santa Maria, Brasília - DF, 72542-300;Região Sul;(-16.01032982549102, -48.002362702072205);Unidade Básica de Saúde 5 - UBS 5 DE SANTA MARIA
128;UBS 6 SANTA MARIA;UBS 6 - SANTA MARIA, Qr 202 302 Lote 2, 2 - Santa Maria, Brasília - DF, 72502-300;Região Sul;(-16.040087, -48.0306225);UBS 06 - Santa Maria
129;UBS 7 SANTA MARIA;UBS 7 - SANTA MARIA, Av Brigadeiro Pinto de Moura, 1 - Santa Maria, Brasília - DF, 72593-000;Região Sul;(-15.9932117, -47.9879706);Ubs 7 de Santa Maria
130;UBS 8 SANTA MARIA;UBS 8 SANTA MARIA, EQ 417/517 MDE, Brasília - DF, 72547325;Região Sul;(-16.014494, -47.9883988);UNIDADE BÁSICA DE SAÚDE N° 8 SANTA MARIA
